track_id,filename,from_sunrise,det_score,x,y,r,lon,lat,radius,local_time,station,date,time,local_date,length,tot_score,avg_score,viewed,user_labeled,label,original_label,notes,day_notes
KMQT20170602-7,KMQT20170602_094501_V06,-15,0.104,390.80,320.765930,5.290894,-86.96,46.436178,2645.446777,20170602_054501,KMQT,20170602,094501,20170602,2,0.27799999999999997,Infinity,true,false,non-roost,non-roost,,
KMQT20170602-7,KMQT20170602_100428_V06,4,0.174,385.93,306.590669,13.286217,-86.99,46.500095,6643.108502,20170602_060428,KMQT,20170602,100428,20170602,2,0.27799999999999997,Infinity,true,false,non-roost,non-roost,,
KMQT20170602-8,KMQT20170602_094501_V06,-15,0.069,492.24,522.600952,29.169819,-86.32,45.523072,14584.909439,20170602_054501,KMQT,20170602,094501,20170602,2,0.125,Infinity,true,false,non-roost,non-roost,,
KMQT20170602-8,KMQT20170602_100428_V06,4,0.056,495.15,557.964079,38.669132,-86.30,45.363801,19334.566214,20170602_060428,KMQT,20170602,100428,20170602,2,0.125,Infinity,true,false,non-roost,non-roost,,
KMQT20170602-1,KMQT20170602_093518_V06,-25,0.669,340.17,317.160919,7.781693,-87.29,46.453621,3890.846252,20170602_053518,KMQT,20170602,093518,20170602,1,0.669,Infinity,true,false,non-roost,non-roost,,
KMQT20170602-3,KMQT20170602_093518_V06,-25,0.103,357.48,397.265381,8.282501,-87.18,46.092991,4141.250610,20170602_053518,KMQT,20170602,093518,20170602,1,0.103,Infinity,true,false,non-roost,non-roost,,
KMQT20170602-12,KMQT20170602_101412_V06,14,0.139,391.41,514.195923,33.798237,-86.96,45.566069,16899.118423,20170602_061412,KMQT,20170602,101412,20170602,1,0.139,Infinity,true,false,non-roost,non-roost,,
KMQT20170602-16,KMQT20170602_104321_V06,43,0.067,527.45,482.724060,30.897261,-86.09,45.699746,15448.630333,20170602_064321,KMQT,20170602,104321,20170602,1,0.067,Infinity,true,false,non-roost,non-roost,,
KMQT20170603-1,KMQT20170603_093908_V06,-20,0.096,363.79,296.138885,15.840622,-87.13,46.547721,7920.310974,20170603_053908,KMQT,20170603,093908,20170603,1,0.096,Infinity,true,false,non-roost,non-roost,,
KMQT20170606-1,KMQT20170606_102727_V06,29,0.064,291.59,294.927246,25.360474,-87.60,46.553914,12680.236816,20170606_062727,KMQT,20170606,102727,20170606,1,0.064,Infinity,true,false,non-roost,non-roost,,
KMQT20170608-1,KMQT20170608_095148_V06,-6,0.637,267.54,352.481964,16.644028,-87.76,46.294849,8322.013855,20170608_055148,KMQT,20170608,095148,20170608,1,0.637,Infinity,true,false,non-roost,non-roost,,
KMQT20170610-2,KMQT20170610_093946_V06,-18,0.201,292.70,337.406372,15.063435,-87.60,46.362846,7531.717300,20170610_053946,KMQT,20170610,093946,20170610,6,-1.1809999999999998,-Infinity,true,false,non-roost,non-roost,,
KMQT20170610-2,KMQT20170610_094431_V06,-13,0.201,293.36,338.181615,20.845297,-87.59,46.359360,10422.648256,20170610_054431,KMQT,20170610,094431,20170610,6,-1.1809999999999998,-Infinity,true,false,non-roost,non-roost,,
KMQT20170610-2,KMQT20170610_094943_V06,-8,-1.000,293.89,338.806810,27.046798,-87.59,46.356549,13523.399027,20170610_054943,KMQT,20170610,094943,20170610,6,-1.1809999999999998,-Infinity,true,false,non-roost,non-roost,,
KMQT20170610-2,KMQT20170610_100015_V06,3,0.331,297.44,343.920715,17.663219,-87.56,46.333552,8831.609726,20170610_060015,KMQT,20170610,100015,20170610,6,-1.1809999999999998,-Infinity,true,false,non-roost,non-roost,,
KMQT20170610-2,KMQT20170610_100602_V06,9,-1.000,297.44,343.920715,27.203219,-87.56,46.333552,13601.609726,20170610_060602,KMQT,20170610,100602,20170610,6,-1.1809999999999998,-Infinity,true,false,non-roost,non-roost,,
KMQT20170610-2,KMQT20170610_101146_V06,14,0.086,281.64,342.754547,13.067368,-87.67,46.338737,6533.683777,20170610_061146,KMQT,20170610,101146,20170610,6,-1.1809999999999998,-Infinity,true,false,non-roost,non-roost,,
KMQT20170610-1,KMQT20170610_093946_V06,-18,0.312,283.61,277.156342,26.569977,-87.66,46.633809,13284.988403,20170610_053946,KMQT,20170610,093946,20170610,2,0.369,Infinity,true,false,non-roost,non-roost,,
KMQT20170610-1,KMQT20170610_094431_V06,-13,0.057,296.67,273.006592,15.563446,-87.57,46.652522,7781.723022,20170610_054431,KMQT,20170610,094431,20170610,2,0.369,Infinity,true,false,non-roost,non-roost,,
KMQT20170610-9,KMQT20170610_103445_V06,37,0.182,289.46,332.720215,8.219315,-87.62,46.383914,4109.657288,20170610_063445,KMQT,20170610,103445,20170610,1,0.182,Infinity,true,false,non-roost,non-roost,,
KMQT20170611-1,KMQT20170611_111013_V06,74,0.112,286.52,364.506042,6.603592,-87.64,46.240924,3301.795959,20170611_071013,KMQT,20170611,111013,20170611,1,0.112,Infinity,true,false,non-roost,non-roost,,
KMQT20170612-2,KMQT20170612_093532_V06,-21,0.107,344.55,287.107330,10.901108,-87.26,46.588731,5450.553894,20170612_053532,KMQT,20170612,093532,20170612,1,0.107,Infinity,true,false,non-roost,non-roost,,
KMQT20170614-4,KMQT20170614_093811_V06,-18,0.063,329.37,292.077759,23.112366,-87.36,46.566583,11556.182861,20170614_053811,KMQT,20170614,093811,20170614,1,0.063,Infinity,true,false,non-roost,non-roost,,
KMQT20170615-2,KMQT20170615_110036_V06,64,0.309,31.11,291.199615,32.675678,-89.30,46.557260,16337.839127,20170615_070036,KMQT,20170615,110036,20170615,3,0.984,Infinity,true,true,non-roost,swallow-roost,,
KMQT20170615-2,KMQT20170615_111020_V06,74,0.524,33.11,295.566433,41.901902,-89.29,46.537823,20950.951100,20170615_071020,KMQT,20170615,111020,20170615,3,0.984,Infinity,true,true,non-roost,swallow-roost,,
KMQT20170615-2,KMQT20170615_112004_V06,84,0.151,40.53,291.184745,43.195360,-89.24,46.558251,21597.679953,20170615_072004,KMQT,20170615,112004,20170615,3,0.984,Infinity,true,true,non-roost,swallow-roost,,
KMQT20170615-1,KMQT20170615_093306_V06,-23,0.078,396.03,309.895477,3.958649,-86.92,46.484890,1979.324341,20170615_053306,KMQT,20170615,093306,20170615,1,0.078,Infinity,true,false,non-roost,non-roost,,
KMQT20170617-3,KMQT20170617_101004_V06,14,0.054,280.48,327.622620,7.756531,-87.68,46.406793,3878.265381,20170617_061004,KMQT,20170617,101004,20170617,1,0.054,Infinity,true,false,non-roost,non-roost,,
KMQT20170618-8,KMQT20170618_111226_V06,76,0.164,531.57,315.791412,40.819321,-86.04,46.450143,20409.660339,20170618_071226,KMQT,20170618,111226,20170618,1,0.164,Infinity,true,false,non-roost,non-roost,,weather
KMQT20170620-1,KMQT20170620_100017_V06,3,0.399,50.45,250.913635,55.243111,-89.18,46.740272,27621.555328,20170620_060017,KMQT,20170620,100017,20170620,8,-0.6429999999999999,-Infinity,true,false,non-roost,non-roost,,
KMQT20170620-1,KMQT20170620_100959_V06,12,0.206,45.84,249.991477,65.371941,-89.21,46.743986,32685.970470,20170620_060959,KMQT,20170620,100959,20170620,8,-0.6429999999999999,-Infinity,true,false,non-roost,non-roost,,
KMQT20170620-1,KMQT20170620_101943_V06,22,0.221,40.57,245.806157,61.080862,-89.25,46.762300,30540.430809,20170620_061943,KMQT,20170620,101943,20170620,8,-0.6429999999999999,-Infinity,true,false,non-roost,non-roost,,
KMQT20170620-1,KMQT20170620_102927_V06,32,-1.000,35.37,242.045490,58.874790,-89.28,46.778700,29437.394940,20170620_062927,KMQT,20170620,102927,20170620,8,-0.6429999999999999,-Infinity,true,false,non-roost,non-roost,,
KMQT20170620-1,KMQT20170620_103910_V06,42,-1.000,30.17,238.284822,56.668718,-89.32,46.795090,28334.359071,20170620_063910,KMQT,20170620,103910,20170620,8,-0.6429999999999999,-Infinity,true,false,non-roost,non-roost,,
KMQT20170620-1,KMQT20170620_104853_V06,51,0.322,38.12,241.666118,55.277713,-89.26,46.780677,27638.856591,20170620_064853,KMQT,20170620,104853,20170620,8,-0.6429999999999999,-Infinity,true,false,non-roost,non-roost,,
KMQT20170620-1,KMQT20170620_110818_V06,71,0.137,50.39,238.622987,55.479498,-89.18,46.795532,27739.749059,20170620_070818,KMQT,20170620,110818,20170620,8,-0.6429999999999999,-Infinity,true,false,non-roost,non-roost,,
KMQT20170620-1,KMQT20170620_111801_V06,81,0.072,54.09,241.281225,56.681229,-89.16,46.783922,28340.614646,20170620_071801,KMQT,20170620,111801,20170620,8,-0.6429999999999999,-Infinity,true,false,non-roost,non-roost,,
KMQT20170620-2,KMQT20170620_100017_V06,3,0.196,298.75,332.745087,14.973846,-87.56,46.383822,7486.923218,20170620_060017,KMQT,20170620,100017,20170620,1,0.196,Infinity,true,false,non-roost,non-roost,,
KMQT20170620-8,KMQT20170620_110818_V06,71,0.053,273.45,37.023071,23.058613,-87.73,47.713710,11529.306412,20170620_070818,KMQT,20170620,110818,20170620,1,0.053,Infinity,true,false,non-roost,non-roost,,
KMQT20170622-3,KMQT20170622_100613_V06,9,0.142,301.64,289.853577,5.724197,-87.54,46.576747,2862.098694,20170622_060613,KMQT,20170622,100613,20170622,4,-0.37300000000000005,-Infinity,true,false,non-roost,non-roost,,
KMQT20170622-3,KMQT20170622_100954_V06,12,0.307,301.72,289.913745,9.670343,-87.54,46.576477,4835.171606,20170622_060954,KMQT,20170622,100954,20170622,4,-0.37300000000000005,-Infinity,true,false,non-roost,non-roost,,
KMQT20170622-3,KMQT20170622_101334_V06,16,-1.000,301.79,289.961879,15.371260,-87.54,46.576260,7685.629936,20170622_061334,KMQT,20170622,101334,20170622,4,-0.37300000000000005,-Infinity,true,false,non-roost,non-roost,,
KMQT20170622-3,KMQT20170622_101708_V06,20,0.178,301.98,289.528076,6.435577,-87.54,46.578211,3217.788696,20170622_061708,KMQT,20170622,101708,20170622,4,-0.37300000000000005,-Infinity,true,false,non-roost,non-roost,,
KMQT20170622-1,KMQT20170622_093034_V06,-27,0.083,280.51,316.458313,6.525162,-87.68,46.457010,3262.580872,20170622_053034,KMQT,20170622,093034,20170622,1,0.083,Infinity,true,false,non-roost,non-roost,,
KMQT20170622-2,KMQT20170622_095540_V06,-2,0.105,301.41,288.294525,6.380234,-87.54,46.583760,3190.116882,20170622_055540,KMQT,20170622,095540,20170622,1,0.105,Infinity,true,false,non-roost,non-roost,,
KMQT20170622-8,KMQT20170622_104600_V06,49,0.100,303.56,289.914856,7.016373,-87.53,46.576470,3508.186340,20170622_064600,KMQT,20170622,104600,20170622,1,0.1,Infinity,true,false,non-roost,non-roost,,
KMQT20170626-7,KMQT20170626_110426_V06,66,0.072,101.01,418.079590,13.891788,-88.83,45.992709,6945.894241,20170626_070426,KMQT,20170626,110426,20170626,1,0.072,Infinity,true,false,non-roost,non-roost,,
KMQT20170702-5,KMQT20170702_094550_V06,-16,0.084,412.91,259.471039,8.478821,-86.81,46.711027,4239.410400,20170702_054550,KMQT,20170702,094550,20170702,1,0.084,Infinity,true,false,non-roost,non-roost,,
KMQT20170706-1,KMQT20170706_103433_V06,30,0.061,317.17,293.855133,10.641388,-87.44,46.558695,5320.693970,20170706_063433,KMQT,20170706,103433,20170706,2,0.122,Infinity,true,false,non-roost,non-roost,,
KMQT20170706-1,KMQT20170706_103815_V06,34,0.061,317.35,294.056822,16.100641,-87.44,46.557786,8050.320730,20170706_063815,KMQT,20170706,103815,20170706,2,0.122,Infinity,true,false,non-roost,non-roost,,
KMQT20170707-1,KMQT20170707_105504_V06,50,0.120,288.29,375.170959,7.395500,-87.62,46.192959,3697.750092,20170707_065504,KMQT,20170707,105504,20170707,2,0.179,Infinity,true,false,non-roost,non-roost,,
KMQT20170707-1,KMQT20170707_110448_V06,59,0.059,288.97,372.555858,14.594136,-87.62,46.204725,7297.068064,20170707_070448,KMQT,20170707,110448,20170707,2,0.179,Infinity,true,false,non-roost,non-roost,,
KMQT20170708-1,KMQT20170708_103011_V06,24,0.109,356.97,543.390686,40.228474,-87.18,45.435658,20114.236832,20170708_063011,KMQT,20170708,103011,20170708,1,0.109,Infinity,true,false,non-roost,non-roost,,
KMQT20170710-1,KMQT20170710_094434_V06,-23,0.062,342.54,313.124084,6.476257,-87.27,46.471743,3238.128662,20170710_054434,KMQT,20170710,094434,20170710,1,0.062,Infinity,true,false,non-roost,non-roost,,
KMQT20170718-2,KMQT20170718_102849_V06,13,0.096,368.46,308.529602,8.953629,-87.10,46.491875,4476.814270,20170718_062849,KMQT,20170718,102849,20170718,1,0.096,Infinity,true,false,non-roost,non-roost,,
KMQT20170719-1,KMQT20170719_102604_V06,10,0.108,121.61,344.245667,16.218195,-88.71,46.326212,8109.097481,20170719_062604,KMQT,20170719,102604,20170719,1,0.108,Infinity,true,false,non-roost,non-roost,,
KMQT20170720-1,KMQT20170720_101953_V06,2,0.106,264.37,345.133118,18.308453,-87.78,46.327865,9154.226303,20170720_061953,KMQT,20170720,101953,20170720,1,0.106,Infinity,true,false,non-roost,non-roost,,
KMQT20170724-1,KMQT20170724_112438_V06,62,0.153,295.19,307.520813,13.021286,-87.58,46.497277,6510.643005,20170724_072438,KMQT,20170724,112438,20170724,3,0.283,Infinity,true,false,non-roost,non-roost,,
KMQT20170724-1,KMQT20170724_113422_V06,72,0.073,294.93,305.232709,24.423006,-87.58,46.507569,12211.502849,20170724_073422,KMQT,20170724,113422,20170724,3,0.283,Infinity,true,false,non-roost,non-roost,,
KMQT20170724-1,KMQT20170724_114406_V06,82,0.057,291.11,299.395828,26.036860,-87.61,46.533813,13018.430248,20170724_074406,KMQT,20170724,114406,20170724,3,0.283,Infinity,true,false,non-roost,non-roost,,
KMQT20170801-2,KMQT20170801_102925_V06,-2,0.101,34.77,429.412811,58.370457,-89.26,45.936107,29185.228348,20170801_062925,KMQT,20170801,102925,20170801,2,0.17,Infinity,true,false,non-roost,non-roost,,
KMQT20170801-2,KMQT20170801_103409_V06,3,0.069,34.76,427.676228,63.730504,-89.26,45.943915,31865.252010,20170801_063409,KMQT,20170801,103409,20170801,2,0.17,Infinity,true,false,non-roost,non-roost,,
KMQT20170804-14,KMQT20170804_113356_V06,58,0.094,38.25,293.571899,67.919144,-89.25,46.547297,33959.571838,20170804_073356,KMQT,20170804,113356,20170804,5,-0.5910000000000001,-Infinity,true,false,non-roost,non-roost,,
KMQT20170804-14,KMQT20170804_113735_V06,62,0.151,38.27,293.027147,72.639437,-89.25,46.549748,36319.718263,20170804_073735,KMQT,20170804,113735,20170804,5,-0.5910000000000001,-Infinity,true,false,non-roost,non-roost,,
KMQT20170804-14,KMQT20170804_114114_V06,66,0.087,37.85,294.291888,70.948699,-89.26,46.544020,35474.349294,20170804_074114,KMQT,20170804,114114,20170804,5,-0.5910000000000001,-Infinity,true,false,non-roost,non-roost,,
KMQT20170804-14,KMQT20170804_114454_V06,69,-1.000,37.61,294.930361,70.961025,-89.26,46.541126,35480.512652,20170804_074454,KMQT,20170804,114454,20170804,5,-0.5910000000000001,-Infinity,true,false,non-roost,non-roost,,
KMQT20170804-14,KMQT20170804_114835_V06,73,0.077,38.06,294.621505,71.293365,-89.26,46.542558,35646.682628,20170804_074835,KMQT,20170804,114835,20170804,5,-0.5910000000000001,-Infinity,true,false,non-roost,non-roost,,
KMQT20170804-3,KMQT20170804_100904_V06,-26,0.070,35.65,211.376221,38.416100,-89.28,46.916626,19208.049774,20170804_060904,KMQT,20170804,100904,20170804,2,0.128,Infinity,true,false,non-roost,non-roost,,
KMQT20170804-3,KMQT20170804_101258_V06,-23,0.058,35.54,210.661284,42.028081,-89.28,46.919830,21014.040560,20170804_061258,KMQT,20170804,101258,20170804,2,0.128,Infinity,true,false,non-roost,non-roost,,
KMQT20170804-5,KMQT20170804_101652_V06,-19,0.112,345.58,309.526550,46.249847,-87.25,46.487875,23124.923706,20170804_061652,KMQT,20170804,101652,20170804,2,0.162,Infinity,true,false,non-roost,non-roost,,
KMQT20170804-5,KMQT20170804_102033_V06,-15,0.050,346.60,310.526067,51.087213,-87.24,46.483361,25543.606453,20170804_062033,KMQT,20170804,102033,20170804,2,0.162,Infinity,true,false,non-roost,non-roost,,
KMQT20170804-1,KMQT20170804_100904_V06,-26,0.379,341.11,305.702454,49.202347,-87.28,46.505147,24601.173401,20170804_060904,KMQT,20170804,100904,20170804,1,0.379,Infinity,true,false,non-roost,non-roost,,
KMQT20170804-11,KMQT20170804_111143_V06,36,0.056,389.91,252.108063,34.425476,-86.96,46.745013,17212.738037,20170804_071143,KMQT,20170804,111143,20170804,1,0.056,Infinity,true,false,non-roost,non-roost,,
KMQT20170804-15,KMQT20170804_113356_V06,58,0.067,66.95,369.352814,31.319386,-89.06,46.209147,15659.692764,20170804_073356,KMQT,20170804,113356,20170804,1,0.067,Infinity,true,false,non-roost,non-roost,,
KMQT20170804-16,KMQT20170804_113356_V06,58,0.065,286.19,50.247131,42.994110,-87.64,47.654339,21497.055054,20170804_073356,KMQT,20170804,113356,20170804,3,-0.8680000000000001,-Infinity,true,false,non-roost,non-roost,,
KMQT20170804-16,KMQT20170804_113735_V06,62,-1.000,286.19,50.247131,49.354110,-87.64,47.654339,24677.055054,20170804_073735,KMQT,20170804,113735,20170804,3,-0.8680000000000001,-Infinity,true,false,non-roost,non-roost,,
KMQT20170804-16,KMQT20170804_114114_V06,66,0.067,309.95,51.025940,20.667297,-87.48,47.650855,10333.648682,20170804_074114,KMQT,20170804,114114,20170804,3,-0.8680000000000001,-Infinity,true,false,non-roost,non-roost,,
KMQT20170804-18,KMQT20170804_114454_V06,69,0.134,34.07,315.206635,54.155487,-89.28,46.449604,27077.743530,20170804_074454,KMQT,20170804,114454,20170804,1,0.134,Infinity,true,false,non-roost,non-roost,,
KMQT20170810-1,KMQT20170810_104816_V06,6,0.051,37.30,435.826599,51.655830,-89.24,45.907508,25827.915192,20170810_064816,KMQT,20170810,104816,20170810,3,0.393,Infinity,true,false,non-roost,non-roost,,weather
KMQT20170810-1,KMQT20170810_105407_V06,12,0.121,39.10,434.279267,60.601872,-89.23,45.914639,30300.936118,20170810_065407,KMQT,20170810,105407,20170810,3,0.393,Infinity,true,false,non-roost,non-roost,,weather
KMQT20170810-1,KMQT20170810_110546_V06,23,0.221,48.16,424.779822,61.533787,-89.17,45.958210,30766.893509,20170810_070546,KMQT,20170810,110546,20170810,3,0.393,Infinity,true,false,non-roost,non-roost,,weather
KMQT20170811-1,KMQT20170811_105027_V06,7,0.420,294.01,366.579346,7.655823,-87.59,46.231625,3827.911377,20170811_065027,KMQT,20170811,105027,20170811,2,0.645,Infinity,true,false,non-roost,non-roost,,
KMQT20170811-1,KMQT20170811_105507_V06,12,0.225,293.20,367.181253,14.817850,-87.59,46.228915,7408.924831,20170811_065507,KMQT,20170811,105507,20170811,2,0.645,Infinity,true,false,non-roost,non-roost,,
KMQT20170812-10,KMQT20170812_114451_V06,59,0.190,459.44,229.182343,8.454132,-86.50,46.844880,4227.066040,20170812_074451,KMQT,20170812,114451,20170812,3,-0.75,-Infinity,true,false,non-roost,non-roost,,
KMQT20170812-10,KMQT20170812_114930_V06,64,-1.000,459.44,229.182343,16.404132,-86.50,46.844880,8202.066040,20170812_074930,KMQT,20170812,114930,20170812,3,-0.75,-Infinity,true,false,non-roost,non-roost,,
KMQT20170812-10,KMQT20170812_115408_V06,69,0.060,463.44,220.105145,22.240321,-86.48,46.885460,11120.160501,20170812_075408,KMQT,20170812,115408,20170812,3,-0.75,-Infinity,true,false,non-roost,non-roost,,
KMQT20170812-1,KMQT20170812_102345_V06,-22,0.050,458.08,199.036133,31.998993,-86.51,46.980533,15999.496460,20170812_062345,KMQT,20170812,102345,20170812,1,0.05,Infinity,true,false,non-roost,non-roost,,
KMQT20170812-2,KMQT20170812_102832_V06,-17,0.407,491.33,145.565277,39.069168,-86.29,47.218798,19534.584045,20170812_062832,KMQT,20170812,102832,20170812,1,0.407,Infinity,true,false,non-roost,non-roost,,
KMQT20170812-3,KMQT20170812_105148_V06,6,0.056,477.96,181.527252,31.312790,-86.38,47.058015,15656.394958,20170812_065148,KMQT,20170812,105148,20170812,7,-2.468,-Infinity,true,false,non-roost,non-roost,,
KMQT20170812-3,KMQT20170812_110106_V06,16,-1.000,477.96,181.527252,47.212790,-86.38,47.058015,23606.394958,20170812_070106,KMQT,20170812,110106,20170812,7,-2.468,-Infinity,true,false,non-roost,non-roost,,
KMQT20170812-3,KMQT20170812_111218_V06,27,0.106,458.49,176.078796,21.565750,-86.50,47.083749,10782.875061,20170812_071218,KMQT,20170812,111218,20170812,7,-2.468,-Infinity,true,false,non-roost,non-roost,,
KMQT20170812-3,KMQT20170812_111657_V06,31,-1.000,458.49,176.078796,27.925750,-86.50,47.083749,13962.875061,20170812_071657,KMQT,20170812,111657,20170812,7,-2.468,-Infinity,true,false,non-roost,non-roost,,
KMQT20170812-3,KMQT20170812_112136_V06,36,0.189,489.38,187.455750,41.868477,-86.30,47.030567,20934.238434,20170812_072136,KMQT,20170812,112136,20170812,7,-2.468,-Infinity,true,false,non-roost,non-roost,,
KMQT20170812-3,KMQT20170812_112614_V06,41,-1.000,489.38,187.455750,49.818477,-86.30,47.030567,24909.238434,20170812_072614,KMQT,20170812,112614,20170812,7,-2.468,-Infinity,true,false,non-roost,non-roost,,
KMQT20170812-3,KMQT20170812_113054_V06,45,0.181,458.84,181.600464,22.718704,-86.50,47.058897,11359.352112,20170812_073054,KMQT,20170812,113054,20170812,7,-2.468,-Infinity,true,false,non-roost,non-roost,,
KMQT20170812-4,KMQT20170812_110106_V06,16,0.249,424.15,196.510620,31.793594,-86.73,46.993688,15896.797180,20170812_070106,KMQT,20170812,110106,20170812,1,0.249,Infinity,true,false,non-roost,non-roost,,
KMQT20170812-9,KMQT20170812_113054_V06,45,0.054,452.98,247.533051,26.255630,-86.55,46.762730,13127.815247,20170812_073054,KMQT,20170812,113054,20170812,1,0.054,Infinity,true,false,non-roost,non-roost,,
KMQT20170812-12,KMQT20170812_114930_V06,64,0.200,471.88,264.049133,20.180862,-86.42,46.687307,10090.431213,20170812_074930,KMQT,20170812,114930,20170812,1,0.2,Infinity,true,false,non-roost,non-roost,,
KMQT20170821-1,KMQT20170821_103618_V06,-20,0.095,28.09,420.768555,45.053944,-89.30,45.974323,22526.971817,20170821_063618,KMQT,20170821,103618,20170821,1,0.095,Infinity,true,false,non-roost,non-roost,,
KMQT20170823-8,KMQT20170823_103138_V06,-28,0.055,268.36,363.924011,5.607201,-87.75,46.243391,2803.600311,20170823_063138,KMQT,20170823,103138,20170823,4,-0.716,-Infinity,true,false,non-roost,non-roost,,
KMQT20170823-8,KMQT20170823_104121_V06,-18,-1.000,268.36,363.924011,21.507201,-87.75,46.243391,10753.600311,20170823_064121,KMQT,20170823,104121,20170823,4,-0.716,-Infinity,true,false,non-roost,non-roost,,
KMQT20170823-8,KMQT20170823_110046_V06,1,0.053,300.62,344.686286,25.334305,-87.54,46.330110,12667.152336,20170823_070046,KMQT,20170823,110046,20170823,4,-0.716,-Infinity,true,false,non-roost,non-roost,,
KMQT20170823-8,KMQT20170823_111030_V06,11,0.176,310.65,347.090759,20.882919,-87.48,46.319273,10441.459656,20170823_071030,KMQT,20170823,111030,20170823,4,-0.716,-Infinity,true,false,non-roost,non-roost,,
KMQT20170823-3,KMQT20170823_103138_V06,-28,0.112,442.29,186.984009,9.948593,-86.61,47.035623,4974.296570,20170823_063138,KMQT,20170823,103138,20170823,1,0.112,Infinity,true,false,non-roost,non-roost,,
KMQT20170823-5,KMQT20170823_103138_V06,-28,0.089,466.35,243.825348,12.399979,-86.46,46.778607,6199.989319,20170823_063138,KMQT,20170823,103138,20170823,1,0.089,Infinity,true,false,non-roost,non-roost,,
KMQT20170824-1,KMQT20170824_113441_V06,34,0.166,324.66,342.284546,5.447659,-87.39,46.340801,2723.829269,20170824_073441,KMQT,20170824,113441,20170824,2,0.371,Infinity,true,false,non-roost,non-roost,,
KMQT20170824-1,KMQT20170824_114425_V06,44,0.205,323.09,346.052738,13.777034,-87.40,46.323865,6888.517169,20170824_074425,KMQT,20170824,114425,20170824,2,0.371,Infinity,true,false,non-roost,non-roost,,
KMQT20170828-5,KMQT20170828_111820_V06,13,0.050,214.33,301.413391,9.064117,-88.11,46.523390,4532.058716,20170828_071820,KMQT,20170828,111820,20170828,1,0.05,Infinity,true,false,non-roost,non-roost,,
KMQT20170831-1,KMQT20170831_113932_V06,30,0.221,293.93,348.973145,29.884834,-87.59,46.310820,14942.417145,20170831_073932,KMQT,20170831,113932,20170831,1,0.221,Infinity,true,false,non-roost,non-roost,,
KMQT20170903-1,KMQT20170903_104558_V06,-28,0.057,335.50,304.039001,18.710175,-87.32,46.512709,9355.087280,20170903_064558,KMQT,20170903,104558,20170903,1,0.057,Infinity,true,false,non-roost,non-roost,,
KMQT20170904-1,KMQT20170904_110446_V06,-10,0.059,205.60,340.100616,28.846466,-88.16,46.349089,14423.233032,20170904_070446,KMQT,20170904,110446,20170904,1,0.059,Infinity,true,false,non-roost,non-roost,,
KMQT20170904-2,KMQT20170904_114338_V06,29,0.063,268.11,429.642883,4.545677,-87.75,45.947766,2272.838593,20170904_074338,KMQT,20170904,114338,20170904,1,0.063,Infinity,true,false,non-roost,non-roost,,
KMQT20170905-6,KMQT20170905_121916_V06,64,0.070,24.32,244.445831,27.368916,-89.35,46.766793,13684.457779,20170905_081916,KMQT,20170905,121916,20170905,1,0.07,Infinity,true,false,non-roost,non-roost,,
KMQT20170905-9,KMQT20170905_123404_V06,79,0.057,30.57,256.304291,31.458464,-89.31,46.714109,15729.231834,20170905_083404,KMQT,20170905,123404,20170905,1,0.057,Infinity,true,false,non-roost,non-roost,,
KMQT20170905-10,KMQT20170905_123747_V06,82,0.083,27.69,369.347168,27.494007,-89.31,46.205518,13747.003555,20170905_083747,KMQT,20170905,123747,20170905,1,0.083,Infinity,true,false,non-roost,non-roost,,
KMQT20170906-2,KMQT20170906_110720_V06,-9,0.101,324.82,365.534973,16.618904,-87.39,46.236216,8309.452057,20170906_070720,KMQT,20170906,110720,20170906,1,0.101,Infinity,true,false,non-roost,non-roost,,
KMQT20170908-2,KMQT20170908_120149_V06,42,0.193,270.43,359.816162,6.588058,-87.74,46.261892,3294.029236,20170908_080149,KMQT,20170908,120149,20170908,2,0.526,Infinity,true,false,non-roost,non-roost,,
KMQT20170908-2,KMQT20170908_121131_V06,52,0.333,266.14,363.307655,14.597554,-87.77,46.246137,7298.776953,20170908_081131,KMQT,20170908,121131,20170908,2,0.526,Infinity,true,false,non-roost,non-roost,,
KMQT20170910-1,KMQT20170910_120119_V06,39,0.184,392.51,323.012329,12.262817,-86.95,46.426016,6131.408691,20170910_080119,KMQT,20170910,120119,20170910,1,0.184,Infinity,true,false,non-roost,non-roost,,
KMQT20170912-1,KMQT20170912_110808_V06,-16,0.168,394.29,527.581421,46.080372,-86.95,45.505756,23040.185928,20170912_070808,KMQT,20170912,110808,20170912,2,0.383,Infinity,true,false,non-roost,non-roost,,
KMQT20170912-1,KMQT20170912_111751_V06,-7,0.215,391.78,528.464952,53.483050,-86.96,45.501866,26741.525150,20170912_071751,KMQT,20170912,111751,20170912,2,0.383,Infinity,true,false,non-roost,non-roost,,
KMQT20170912-2,KMQT20170912_112734_V06,3,0.081,286.22,367.965332,4.088646,-87.64,46.225362,2044.322968,20170912_072734,KMQT,20170912,112734,20170912,1,0.081,Infinity,true,false,non-roost,non-roost,,
KMQT20170912-4,KMQT20170912_121610_V06,52,0.140,219.39,328.812225,14.894547,-88.07,46.400310,7447.273254,20170912_081610,KMQT,20170912,121610,20170912,3,-0.518,-Infinity,true,false,non-roost,non-roost,,
KMQT20170912-4,KMQT20170912_122554_V06,61,-1.000,219.39,328.812225,29.204547,-88.07,46.400310,14602.273254,20170912_082554,KMQT,20170912,122554,20170912,3,-0.518,-Infinity,true,false,non-roost,non-roost,,
KMQT20170912-4,KMQT20170912_123538_V06,71,0.342,217.21,319.443634,18.180855,-88.09,46.442383,9090.427399,20170912_083538,KMQT,20170912,123538,20170912,3,-0.518,-Infinity,true,false,non-roost,non-roost,,
KMQT20170913-1,KMQT20170913_113522_V06,10,0.062,326.26,365.679291,4.445580,-87.38,46.235553,2222.789764,20170913_073522,KMQT,20170913,113522,20170913,1,0.062,Infinity,true,false,non-roost,non-roost,,
KMQT20170913-3,KMQT20170913_114505_V06,20,0.166,413.26,297.758972,22.231995,-86.81,46.538808,11115.997314,20170913_074505,KMQT,20170913,114505,20170913,1,0.166,Infinity,true,false,non-roost,non-roost,,
KMQT20170913-4,KMQT20170913_120430_V06,39,0.374,441.17,302.863373,18.204819,-86.63,46.514532,9102.409363,20170913_080430,KMQT,20170913,120430,20170913,1,0.374,Infinity,true,false,non-roost,non-roost,,
KMQT20170914-1,KMQT20170914_111129_V06,-16,0.113,412.14,295.317200,20.359573,-86.82,46.549837,10179.786682,20170914_071129,KMQT,20170914,111129,20170914,1,0.113,Infinity,true,false,non-roost,non-roost,,
KMQT20170914-4,KMQT20170914_114037_V06,13,0.110,433.08,343.615997,15.330822,-86.68,46.331651,7665.410995,20170914_074037,KMQT,20170914,114037,20170914,1,0.11,Infinity,true,false,non-roost,non-roost,,
KMQT20170915-1,KMQT20170915_112238_V06,-6,0.062,378.58,357.130768,21.204681,-87.04,46.272993,10602.340698,20170915_072238,KMQT,20170915,112238,20170915,1,0.062,Infinity,true,false,non-roost,non-roost,,
KMQT20170915-5,KMQT20170915_121124_V06,43,0.099,330.04,357.163208,15.519310,-87.35,46.273820,7759.654999,20170915_081124,KMQT,20170915,121124,20170915,1,0.099,Infinity,true,false,non-roost,non-roost,,
KMQT20170917-4,KMQT20170917_121649_V06,45,0.114,26.28,489.177124,25.215525,-89.30,45.666504,12607.762337,20170917_081649,KMQT,20170917,121649,20170917,1,0.114,Infinity,true,false,non-roost,non-roost,,
KMQT20170919-1,KMQT20170919_110711_V06,-26,0.054,475.34,254.027100,32.516251,-86.40,46.732154,16258.125305,20170919_070711,KMQT,20170919,110711,20170919,1,0.054,Infinity,true,false,non-roost,non-roost,,
KMQT20170920-1,KMQT20170920_113039_V06,-4,0.055,33.92,390.579834,60.148464,-89.27,46.110655,30074.232101,20170920_073039,KMQT,20170920,113039,20170920,3,-0.8909999999999999,-Infinity,true,false,non-roost,non-roost,,
KMQT20170920-1,KMQT20170920_113405_V06,0,-1.000,33.92,390.579834,66.508464,-89.27,46.110655,33254.232101,20170920_073405,KMQT,20170920,113405,20170920,3,-0.8909999999999999,-Infinity,true,false,non-roost,non-roost,,
KMQT20170920-1,KMQT20170920_113733_V06,3,0.054,34.52,397.183148,67.349158,-89.26,46.081019,33674.578974,20170920_073733,KMQT,20170920,113733,20170920,3,-0.8909999999999999,-Infinity,true,false,non-roost,non-roost,,
KMQT20170921-1,KMQT20170921_112812_V06,-8,0.122,393.21,256.817169,51.675400,-86.94,46.723721,25837.699890,20170921_072812,KMQT,20170921,112812,20170921,3,0.333,Infinity,true,false,non-roost,non-roost,,
KMQT20170921-1,KMQT20170921_113756_V06,1,0.157,397.84,251.383031,59.202205,-86.91,46.747996,29601.102266,20170921_073756,KMQT,20170921,113756,20170921,3,0.333,Infinity,true,false,non-roost,non-roost,,
KMQT20170921-1,KMQT20170921_114739_V06,11,0.054,404.14,247.112305,51.395111,-86.87,46.766966,25697.555542,20170921_074739,KMQT,20170921,114739,20170921,3,0.333,Infinity,true,false,non-roost,non-roost,,
KMQT20170924-1,KMQT20170924_113035_V06,-10,0.059,414.83,277.507416,28.874420,-86.80,46.629826,14437.210083,20170924_073035,KMQT,20170924,113035,20170924,1,0.059,Infinity,true,false,non-roost,non-roost,,
KMQT20170925-4,KMQT20170925_125127_V06,70,0.051,351.69,301.127197,14.458374,-87.21,46.525544,7229.187012,20170925_085127,KMQT,20170925,125127,20170925,1,0.051,Infinity,true,false,non-roost,non-roost,,
KMQT20170927-9,KMQT20170927_123013_V06,47,0.142,398.62,247.096313,10.335190,-86.90,46.767247,5167.594910,20170927_083013,KMQT,20170927,123013,20170927,3,-0.723,-Infinity,true,false,non-roost,non-roost,,
KMQT20170927-9,KMQT20170927_123957_V06,56,-1.000,398.62,247.096313,24.645190,-86.90,46.767247,12322.594910,20170927_083957,KMQT,20170927,123957,20170927,3,-0.723,-Infinity,true,false,non-roost,non-roost,,
KMQT20170927-9,KMQT20170927_124939_V06,66,0.135,405.38,262.799801,28.175708,-86.86,46.696362,14087.854239,20170927_084939,KMQT,20170927,124939,20170927,3,-0.723,-Infinity,true,false,non-roost,non-roost,,
KMQT20170927-4,KMQT20170927_114139_V06,-2,0.548,409.86,290.048737,18.809464,-86.83,46.573627,9404.731750,20170927_074139,KMQT,20170927,114139,20170927,2,0.654,Infinity,true,true,non-roost,swallow-roost,,
KMQT20170927-4,KMQT20170927_120105_V06,18,0.106,411.47,301.085449,15.670258,-86.82,46.523921,7835.128784,20170927_080105,KMQT,20170927,120105,20170927,2,0.654,Infinity,true,true,non-roost,swallow-roost,,
KMQT20170929-9,KMQT20170929_114749_V06,1,0.110,424.21,159.462799,10.477066,-86.73,47.160297,5238.533020,20170929_074749,KMQT,20170929,114749,20170929,1,0.11,Infinity,true,false,non-roost,non-roost,,
KMQT20170929-11,KMQT20170929_120424_V06,18,0.097,470.07,525.104614,19.581509,-86.46,45.513266,9790.754318,20170929_080424,KMQT,20170929,120424,20170929,1,0.097,Infinity,true,false,non-roost,non-roost,,
KMQT20171001-1,KMQT20171001_113244_V06,-17,0.573,371.04,245.618256,19.407791,-87.08,46.774769,9703.895569,20171001_073244,KMQT,20171001,113244,20171001,1,0.573,Infinity,true,false,non-roost,non-roost,,
KMQT20171003-1,KMQT20171003_112919_V06,-22,0.085,323.41,304.332520,15.402237,-87.40,46.511521,7701.118469,20171003_072919,KMQT,20171003,112919,20171003,2,0.381,Infinity,true,false,non-roost,non-roost,,
KMQT20171003-1,KMQT20171003_113902_V06,-12,0.296,321.95,303.895971,21.087667,-87.41,46.513497,10543.833305,20171003_073902,KMQT,20171003,113902,20171003,2,0.381,Infinity,true,false,non-roost,non-roost,,
KMQT20171004-1,KMQT20171004_120136_V06,8,0.093,426.29,222.753662,80.994690,-86.72,46.875564,40497.344971,20171004_080136,KMQT,20171004,120136,20171004,1,0.093,Infinity,true,false,non-roost,non-roost,,
KMQT20171004-3,KMQT20171004_124030_V06,47,0.146,363.23,286.705811,17.571960,-87.14,46.590163,8785.980225,20171004_084030,KMQT,20171004,124030,20171004,1,0.146,Infinity,true,false,non-roost,non-roost,,
KMQT20171006-1,KMQT20171006_121842_V06,23,0.154,414.47,202.261810,29.934357,-86.80,46.968256,14967.178345,20171006_081842,KMQT,20171006,121842,20171006,1,0.154,Infinity,true,false,non-roost,non-roost,,
KMQT20171006-3,KMQT20171006_124751_V06,52,0.081,411.04,204.000458,28.167114,-86.82,46.960582,14083.557129,20171006_084751,KMQT,20171006,124751,20171006,1,0.081,Infinity,true,false,non-roost,non-roost,,
KMQT20171007-2,KMQT20171007_113035_V06,-27,0.072,487.01,222.627502,34.587898,-86.32,46.872571,17293.949127,20171007_073035,KMQT,20171007,113035,20171007,1,0.072,Infinity,true,false,non-roost,non-roost,,weather
KMQT20171007-4,KMQT20171007_120440_V06,7,0.121,43.29,491.508179,50.669273,-89.20,45.657662,25334.636688,20171007_080440,KMQT,20171007,120440,20171007,1,0.121,Infinity,true,false,non-roost,non-roost,,weather
KMQT20171007-9,KMQT20171007_125050_V06,53,0.094,38.79,483.404968,49.017532,-89.23,45.693680,24508.766174,20171007_085050,KMQT,20171007,125050,20171007,1,0.094,Infinity,true,false,non-roost,non-roost,,weather
KMQT20171008-1,KMQT20171008_122238_V06,24,0.073,436.49,262.079987,6.965652,-86.66,46.698197,3482.826233,20171008_082238,KMQT,20171008,122238,20171008,1,0.073,Infinity,true,false,non-roost,non-roost,,
KMQT20171008-5,KMQT20171008_124204_V06,44,0.132,27.12,236.093567,36.379364,-89.34,46.804634,18189.682007,20171008_084204,KMQT,20171008,124204,20171008,1,0.132,Infinity,true,false,non-roost,non-roost,,
KMQT20171010-1,KMQT20171010_113959_V06,-22,0.052,364.23,279.947479,28.466629,-87.13,46.620537,14233.314514,20171010_073959,KMQT,20171010,113959,20171010,1,0.052,Infinity,true,false,non-roost,non-roost,,
KMQT20171010-2,KMQT20171010_114943_V06,-12,0.062,425.55,178.004150,26.337753,-86.72,47.076850,13168.876648,20171010_074943,KMQT,20171010,114943,20171010,1,0.062,Infinity,true,false,non-roost,non-roost,,
KMQT20171015-10,KMQT20171015_123239_V06,24,0.218,36.05,456.438477,45.239487,-89.25,45.814693,22619.743347,20171015_083239,KMQT,20171015,123239,20171015,3,-0.7230000000000001,-Infinity,true,false,non-roost,non-roost,,weather
KMQT20171015-10,KMQT20171015_123728_V06,29,-1.000,36.05,456.438477,53.189487,-89.25,45.814693,26594.743347,20171015_083728,KMQT,20171015,123728,20171015,3,-0.7230000000000001,-Infinity,true,false,non-roost,non-roost,,weather
KMQT20171015-10,KMQT20171015_124218_V06,34,0.059,43.72,423.587006,47.311775,-89.20,45.963161,23655.887604,20171015_084218,KMQT,20171015,124218,20171015,3,-0.7230000000000001,-Infinity,true,false,non-roost,non-roost,,weather
KMQT20171022-1,KMQT20171022_120038_V06,-17,0.070,53.85,268.218597,76.805779,-89.16,46.662773,38402.889252,20171022_080038,KMQT,20171022,120038,20171022,1,0.07,Infinity,true,false,non-roost,non-roost,,
KMQT20171022-4,KMQT20171022_132247_V06,65,0.052,347.14,583.373535,17.843792,-87.25,45.255966,8921.895981,20171022_092247,KMQT,20171022,132247,20171022,1,0.052,Infinity,true,false,non-roost,non-roost,,
KMQT20171023-1,KMQT20171023_120257_V06,-17,0.058,53.75,430.795593,61.703495,-89.14,45.931665,30851.747513,20171023_080257,KMQT,20171023,120257,20171023,1,0.058,Infinity,true,false,non-roost,non-roost,,
KMQT20171023-2,KMQT20171023_120746_V06,-12,0.090,45.08,264.302216,61.829853,-89.21,46.679566,30914.926529,20171023_080746,KMQT,20171023,120746,20171023,2,0.143,Infinity,true,false,non-roost,non-roost,,
KMQT20171023-2,KMQT20171023_121233_V06,-7,0.053,55.00,248.818512,55.608585,-89.15,46.750114,27804.292679,20171023_081233,KMQT,20171023,121233,20171023,2,0.143,Infinity,true,false,non-roost,non-roost,,
KMQT20171024-28,KMQT20171024_133417_V06,74,0.120,33.98,417.005402,51.967735,-89.27,45.991826,25983.867645,20171024_093417,KMQT,20171024,133417,20171024,1,0.12,Infinity,true,false,non-roost,non-roost,,weather
KMQT20171026-1,KMQT20171026_120255_V06,-21,0.051,16.33,171.662476,20.793505,-89.42,47.093193,10396.752357,20171026_080255,KMQT,20171026,120255,20171026,8,-3.138,-Infinity,true,false,non-roost,non-roost,,
KMQT20171026-1,KMQT20171026_121239_V06,-11,-1.000,16.33,171.662476,36.693505,-89.42,47.093193,18346.752357,20171026_081239,KMQT,20171026,121239,20171026,8,-3.138,-Infinity,true,false,non-roost,non-roost,,
KMQT20171026-1,KMQT20171026_122222_V06,-1,-1.000,16.33,171.662476,52.593505,-89.42,47.093193,26296.752357,20171026_082222,KMQT,20171026,122222,20171026,8,-3.138,-Infinity,true,false,non-roost,non-roost,,
KMQT20171026-1,KMQT20171026_123206_V06,9,0.066,39.73,202.739081,48.726346,-89.26,46.955861,24363.173136,20171026_083206,KMQT,20171026,123206,20171026,8,-3.138,-Infinity,true,false,non-roost,non-roost,,
KMQT20171026-1,KMQT20171026_124149_V06,18,0.382,47.00,204.995452,49.593050,-89.21,46.946417,24796.525120,20171026_084149,KMQT,20171026,124149,20171026,8,-3.138,-Infinity,true,false,non-roost,non-roost,,
KMQT20171026-1,KMQT20171026_130115_V06,38,-1.000,64.80,215.328101,53.252894,-89.09,46.901585,26626.446882,20171026_090115,KMQT,20171026,130115,20171026,8,-3.138,-Infinity,true,false,non-roost,non-roost,,
KMQT20171026-1,KMQT20171026_131058_V06,47,-1.000,72.81,219.977793,54.899823,-89.04,46.881371,27449.911674,20171026_091058,KMQT,20171026,131058,20171026,8,-3.138,-Infinity,true,false,non-roost,non-roost,,
KMQT20171026-1,KMQT20171026_132041_V06,57,0.363,34.88,199.079528,49.758786,-89.29,46.971838,24879.392841,20171026_092041,KMQT,20171026,132041,20171026,8,-3.138,-Infinity,true,false,non-roost,non-roost,,
KMQT20171026-10,KMQT20171026_131058_V06,47,0.127,30.25,479.903931,30.626049,-89.28,45.708600,15313.024521,20171026_091058,KMQT,20171026,131058,20171026,4,-0.709,-Infinity,true,false,non-roost,non-roost,,
KMQT20171026-10,KMQT20171026_132041_V06,57,0.108,33.10,478.827563,49.972302,-89.26,45.713719,24986.150782,20171026_092041,KMQT,20171026,132041,20171026,4,-0.709,-Infinity,true,false,non-roost,non-roost,,
KMQT20171026-10,KMQT20171026_133024_V06,67,-1.000,35.78,477.812121,69.123483,-89.25,45.718546,34561.741593,20171026_093024,KMQT,20171026,133024,20171026,4,-0.709,-Infinity,true,false,non-roost,non-roost,,
KMQT20171026-10,KMQT20171026_134008_V06,77,0.056,54.74,500.295288,50.660198,-89.12,45.619187,25330.099106,20171026_094008,KMQT,20171026,134008,20171026,4,-0.709,-Infinity,true,false,non-roost,non-roost,,
KMQT20171026-2,KMQT20171026_122222_V06,-1,0.191,215.18,45.028137,30.578224,-88.11,47.676473,15289.112091,20171026_082222,KMQT,20171026,122222,20171026,1,0.191,Infinity,true,false,non-roost,non-roost,,
KMQT20171026-3,KMQT20171026_122222_V06,-1,0.081,35.00,444.884644,52.751514,-89.25,45.866551,26375.757217,20171026_082222,KMQT,20171026,122222,20171026,3,-0.8190000000000001,-Infinity,true,false,non-roost,non-roost,,
KMQT20171026-3,KMQT20171026_123206_V06,9,-1.000,35.00,444.884644,68.651514,-89.25,45.866551,34325.757217,20171026_083206,KMQT,20171026,123206,20171026,3,-0.8190000000000001,-Infinity,true,false,non-roost,non-roost,,
KMQT20171026-3,KMQT20171026_124149_V06,18,0.100,43.82,443.960876,56.215412,-89.20,45.871546,28107.706070,20171026_084149,KMQT,20171026,124149,20171026,3,-0.8190000000000001,-Infinity,true,false,non-roost,non-roost,,
KMQT20171026-5,KMQT20171026_124149_V06,18,0.190,398.85,559.550415,40.270847,-86.92,45.361780,20135.423660,20171026_084149,KMQT,20171026,124149,20171026,1,0.19,Infinity,true,false,non-roost,non-roost,,
KMQT20171026-8,KMQT20171026_124149_V06,18,0.061,301.89,43.586304,26.169678,-87.54,47.684329,13084.838867,20171026_084149,KMQT,20171026,124149,20171026,1,0.061,Infinity,true,false,non-roost,non-roost,,
KMQT20171031-5,KMQT20171031_122534_V06,-5,0.057,45.76,245.731354,35.830719,-89.21,46.763134,17915.359497,20171031_082534,KMQT,20171031,122534,20171031,1,0.057,Infinity,true,false,non-roost,non-roost,,
KMQT20171102-3,KMQT20171102_121129_V06,-22,0.081,372.23,498.364929,12.886566,-87.09,45.637855,6443.283081,20171102_081129,KMQT,20171102,121129,20171102,2,0.14100000000000001,Infinity,false,false,non-roost,non-roost,,
KMQT20171102-3,KMQT20171102_122111_V06,-12,0.060,373.23,495.819657,22.897613,-87.08,45.649279,11448.806653,20171102_082111,KMQT,20171102,122111,20171102,2,0.14100000000000001,Infinity,false,false,non-roost,non-roost,,
KMQT20171103-1,KMQT20171103_123517_V06,0,0.102,251.86,483.378418,6.503143,-87.86,45.705801,3251.571655,20171103_083517,KMQT,20171103,123517,20171103,1,0.102,Infinity,false,false,non-roost,non-roost,,
KMQT20171103-3,KMQT20171103_123517_V06,0,0.054,407.69,293.661865,20.741776,-86.85,46.557464,10370.887756,20171103_083517,KMQT,20171103,123517,20171103,1,0.054,Infinity,false,false,non-roost,non-roost,,
KMQT20171104-5,KMQT20171104_123006_V06,-6,0.110,91.50,551.578796,18.483814,-88.88,45.391549,9241.907120,20171104_083006,KMQT,20171104,123006,20171104,1,0.11,Infinity,false,false,non-roost,non-roost,,
KMQT20171104-20,KMQT20171104_131843_V06,42,0.128,227.76,432.790222,32.285488,-88.01,45.932839,16142.744064,20171104_091843,KMQT,20171104,131843,20171104,1,0.128,Infinity,false,false,non-roost,non-roost,,
KMQT20171105-13,KMQT20171105_134237_V06,64,0.309,15.77,211.826630,20.099567,-89.41,46.912557,10049.783707,20171105_084237,KMQT,20171105,134237,20171105,2,0.495,Infinity,false,false,non-roost,non-roost,,
KMQT20171105-13,KMQT20171105_134828_V06,70,0.186,21.28,216.139620,31.761724,-89.38,46.893747,15880.862076,20171105_084828,KMQT,20171105,134828,20171105,2,0.495,Infinity,false,false,non-roost,non-roost,,
KMQT20171105-2,KMQT20171105_121505_V06,-23,0.237,395.12,38.745422,28.771133,-86.91,47.704372,14385.566711,20171105_071505,KMQT,20171105,121505,20171105,1,0.237,Infinity,false,false,non-roost,non-roost,,
KMQT20171105-3,KMQT20171105_121505_V06,-23,0.097,444.28,51.371948,32.028015,-86.59,47.645348,16014.007568,20171105_071505,KMQT,20171105,121505,20171105,1,0.097,Infinity,false,false,non-roost,non-roost,,
KMQT20171105-5,KMQT20171105_123431_V06,-4,0.158,38.35,475.029999,44.791687,-89.23,45.731303,22395.843506,20171105_073431,KMQT,20171105,123431,20171105,3,-0.759,-Infinity,false,false,non-roost,non-roost,,
KMQT20171105-5,KMQT20171105_124415_V06,6,-1.000,38.35,475.029999,60.691687,-89.23,45.731303,30345.843506,20171105_074415,KMQT,20171105,124415,20171105,3,-0.759,-Infinity,false,false,non-roost,non-roost,,
KMQT20171105-5,KMQT20171105_130341_V06,25,0.083,25.81,457.160156,26.299261,-89.31,45.810442,13149.630547,20171105_080341,KMQT,20171105,130341,20171105,3,-0.759,-Infinity,false,false,non-roost,non-roost,,
KMQT20171105-6,KMQT20171105_130341_V06,25,0.114,229.17,53.742371,27.610355,-88.02,47.637701,13805.177689,20171105_080341,KMQT,20171105,130341,20171105,1,0.114,Infinity,false,false,non-roost,non-roost,,
KMQT20171109-14,KMQT20171109_133548_V06,52,0.059,20.96,280.158417,21.017498,-89.37,46.605872,10508.749008,20171109_083548,KMQT,20171109,133548,20171109,3,0.324,Infinity,false,false,non-roost,non-roost,,
KMQT20171109-14,KMQT20171109_134531_V06,62,0.067,21.16,281.592628,29.249996,-89.37,46.599443,14624.998042,20171109_084531,KMQT,20171109,134531,20171109,3,0.324,Infinity,false,false,non-roost,non-roost,,
KMQT20171109-14,KMQT20171109_140457_V06,81,0.198,35.65,302.784198,39.593515,-89.27,46.505619,19796.757492,20171109_090457,KMQT,20171109,140457,20171109,3,0.324,Infinity,false,false,non-roost,non-roost,,
KMQT20171109-16,KMQT20171109_134531_V06,62,0.147,156.99,391.859192,15.302475,-88.47,46.114157,7651.237488,20171109_084531,KMQT,20171109,134531,20171109,2,0.211,Infinity,false,false,non-roost,non-roost,,
KMQT20171109-16,KMQT20171109_140457_V06,81,0.064,169.59,382.404878,23.251696,-88.39,46.157315,11625.848189,20171109_090457,KMQT,20171109,140457,20171109,2,0.211,Infinity,false,false,non-roost,non-roost,,
KMQT20171112-1,KMQT20171112_122152_V06,-27,0.100,440.69,335.358093,2.836624,-86.63,46.368408,1418.312073,20171112_072152,KMQT,20171112,122152,20171112,1,0.1,Infinity,false,false,non-roost,non-roost,,
KMQT20171113-2,KMQT20171113_123601_V06,-13,0.099,297.29,174.212738,29.778641,-87.57,47.096866,14889.320374,20171113_073601,KMQT,20171113,123601,20171113,1,0.099,Infinity,false,false,non-roost,non-roost,,
KMQT20171113-3,KMQT20171113_124544_V06,-4,0.385,375.59,195.500946,13.836761,-87.05,47.000050,6918.380737,20171113_074544,KMQT,20171113,124544,20171113,1,0.385,Infinity,false,false,non-roost,non-roost,,
KMQT20171113-4,KMQT20171113_124544_V06,-4,0.102,524.61,257.779663,23.048889,-86.08,46.711604,11524.444580,20171113_074544,KMQT,20171113,124544,20171113,3,-0.8140000000000001,-Infinity,false,false,non-roost,non-roost,,
KMQT20171113-4,KMQT20171113_130510_V06,16,-1.000,524.61,257.779663,54.848889,-86.08,46.711604,27424.444580,20171113_080510,KMQT,20171113,130510,20171113,3,-0.8140000000000001,-Infinity,false,false,non-roost,non-roost,,
KMQT20171113-4,KMQT20171113_131453_V06,25,0.084,543.13,265.142853,14.667435,-85.96,46.676880,7333.717346,20171113_081453,KMQT,20171113,131453,20171113,3,-0.8140000000000001,-Infinity,false,false,non-roost,non-roost,,
KMQT20171117-2,KMQT20171117_122658_V06,-29,0.334,50.70,282.493866,39.253212,-89.18,46.598293,19626.605988,20171117_072658,KMQT,20171117,122658,20171117,1,0.334,Infinity,false,false,non-roost,non-roost,,
KMQT20171117-3,KMQT20171117_122658_V06,-29,0.228,313.50,71.197876,19.894562,-87.46,47.560123,9947.280884,20171117_072658,KMQT,20171117,122658,20171117,1,0.228,Infinity,false,false,non-roost,non-roost,,
KMQT20171117-8,KMQT20171117_123642_V06,-19,0.062,463.64,73.590576,38.729568,-86.46,47.544304,19364.784241,20171117_073642,KMQT,20171117,123642,20171117,1,0.062,Infinity,false,false,non-roost,non-roost,,
KMQT20171118-4,KMQT20171118_140735_V06,71,0.105,26.59,478.038330,31.488667,-89.30,45.716628,15744.333267,20171118_090735,KMQT,20171118,140735,20171118,1,0.105,Infinity,false,false,non-roost,non-roost,,
KMQT20171121-2,KMQT20171121_130831_V06,8,0.090,369.50,268.215912,23.198502,-87.09,46.673172,11599.250793,20171121_080831,KMQT,20171121,130831,20171121,1,0.09,Infinity,false,false,non-roost,non-roost,,
KMQT20171121-6,KMQT20171121_141834_V06,78,0.182,242.56,129.475037,33.491905,-87.93,47.297448,16745.952606,20171121_091834,KMQT,20171121,141834,20171121,1,0.182,Infinity,false,false,non-roost,non-roost,,
KMQT20171125-6,KMQT20171125_124337_V06,-23,0.055,379.98,528.813660,15.766759,-87.04,45.500665,7883.379459,20171125_074337,KMQT,20171125,124337,20171125,2,0.177,Infinity,false,false,non-roost,non-roost,,
KMQT20171125-6,KMQT20171125_130303_V06,-3,0.122,403.97,554.055738,21.430934,-86.88,45.386311,10715.466992,20171125_080303,KMQT,20171125,130303,20171125,2,0.177,Infinity,false,false,non-roost,non-roost,,
KMQT20171125-3,KMQT20171125_124337_V06,-23,0.103,371.61,563.206970,32.887268,-87.09,45.346168,16443.634033,20171125_074337,KMQT,20171125,124337,20171125,1,0.103,Infinity,false,false,non-roost,non-roost,,
KMQT20171125-5,KMQT20171125_124337_V06,-23,0.060,505.21,425.697449,28.841003,-86.22,45.957987,14420.501709,20171125_074337,KMQT,20171125,124337,20171125,1,0.06,Infinity,false,false,non-roost,non-roost,,
KMQT20171128-2,KMQT20171128_140825_V06,58,0.052,32.42,433.283508,55.107723,-89.27,45.918471,27553.861618,20171128_090825,KMQT,20171128,140825,20171128,1,0.052,Infinity,false,false,non-roost,non-roost,,
KMQT20171201-1,KMQT20171201_143114_V06,78,0.129,27.73,285.456146,46.308914,-89.32,46.582745,23154.457092,20171201_093114,KMQT,20171201,143114,20171201,1,0.129,Infinity,false,false,non-roost,non-roost,,
KMQT20171203-2,KMQT20171203_143002_V06,74,0.109,36.13,426.159760,60.239967,-89.25,45.950867,30119.983673,20171203_093002,KMQT,20171203,143002,20171203,2,0.183,Infinity,false,false,non-roost,non-roost,,
KMQT20171203-2,KMQT20171203_143945_V06,83,0.074,36.15,425.775161,66.158012,-89.25,45.952600,33079.006208,20171203_093945,KMQT,20171203,143945,20171203,2,0.183,Infinity,false,false,non-roost,non-roost,,
KMQT20171203-1,KMQT20171203_141035_V06,54,0.111,31.99,420.054688,56.077370,-89.28,45.977919,28038.684845,20171203_091035,KMQT,20171203,141035,20171203,1,0.111,Infinity,false,false,non-roost,non-roost,,
KMQT20171204-2,KMQT20171204_131642_V06,-1,0.062,35.33,409.874573,54.773811,-89.26,46.024025,27386.905670,20171204_081642,KMQT,20171204,131642,20171204,6,0.993,Infinity,false,false,non-roost,non-roost,,
KMQT20171204-2,KMQT20171204_132231_V06,5,0.427,37.51,406.518898,64.184059,-89.24,46.039326,32092.029424,20171204_082231,KMQT,20171204,132231,20171204,6,0.993,Infinity,false,false,non-roost,non-roost,,
KMQT20171204-2,KMQT20171204_132821_V06,11,0.126,41.76,395.540308,63.481998,-89.22,46.089104,31740.999132,20171204_082821,KMQT,20171204,132821,20171204,6,0.993,Infinity,false,false,non-roost,non-roost,,
KMQT20171204-2,KMQT20171204_133411_V06,17,0.139,45.81,354.424744,47.200142,-89.20,46.274380,23600.070953,20171204_083411,KMQT,20171204,133411,20171204,6,0.993,Infinity,false,false,non-roost,non-roost,,
KMQT20171204-2,KMQT20171204_134002_V06,23,0.086,47.24,352.095099,55.455009,-89.19,46.284990,27727.504528,20171204_084002,KMQT,20171204,134002,20171204,6,0.993,Infinity,false,false,non-roost,non-roost,,
KMQT20171204-2,KMQT20171204_134544_V06,28,0.153,52.23,347.222596,57.042688,-89.16,46.307362,28521.343971,20171204_084544,KMQT,20171204,134544,20171204,6,0.993,Infinity,false,false,non-roost,non-roost,,
KMQT20171205-10,KMQT20171205_134231_V06,24,0.063,22.25,283.803864,26.980793,-89.36,46.589614,13490.396500,20171205_084231,KMQT,20171205,134231,20171205,3,-0.887,-Infinity,false,false,non-roost,non-roost,,
KMQT20171205-10,KMQT20171205_140157_V06,43,-1.000,22.25,283.803864,57.190793,-89.36,46.589614,28595.396500,20171205_090157,KMQT,20171205,140157,20171205,3,-0.887,-Infinity,false,false,non-roost,non-roost,,
KMQT20171205-10,KMQT20171205_141140_V06,53,0.050,43.40,277.115456,58.946234,-89.22,46.621790,29473.117085,20171205_091140,KMQT,20171205,141140,20171205,3,-0.887,-Infinity,false,false,non-roost,non-roost,,
KMQT20171205-1,KMQT20171205_130339_V06,-15,0.223,35.41,432.358093,47.605171,-89.25,45.922924,23802.585602,20171205_080339,KMQT,20171205,130339,20171205,1,0.223,Infinity,false,false,non-roost,non-roost,,
KMQT20171205-4,KMQT20171205_132304_V06,5,0.191,368.30,284.358337,19.010803,-87.10,46.600597,9505.401611,20171205_082304,KMQT,20171205,132304,20171205,1,0.191,Infinity,false,false,non-roost,non-roost,,
KMQT20171205-5,KMQT20171205_132304_V06,5,0.073,410.73,372.921509,18.333748,-86.83,46.200844,9166.873932,20171205_082304,KMQT,20171205,132304,20171205,1,0.073,Infinity,false,false,non-roost,non-roost,,
KMQT20171205-6,KMQT20171205_132304_V06,5,0.058,24.04,311.209198,27.259531,-89.34,46.466571,13629.765511,20171205_082304,KMQT,20171205,132304,20171205,1,0.058,Infinity,false,false,non-roost,non-roost,,
KMQT20171205-8,KMQT20171205_134231_V06,24,0.242,165.13,424.605591,17.686768,-88.42,45.967280,8843.383789,20171205_084231,KMQT,20171205,134231,20171205,1,0.242,Infinity,false,false,non-roost,non-roost,,
KMQT20171205-15,KMQT20171205_141140_V06,53,0.056,354.56,297.006836,7.956696,-87.19,46.544020,3978.347778,20171205_091140,KMQT,20171205,141140,20171205,1,0.056,Infinity,false,false,non-roost,non-roost,,
KMQT20171207-9,KMQT20171207_143022_V06,70,0.056,495.90,351.101746,31.702675,-86.28,46.294167,15851.337433,20171207_093022,KMQT,20171207,143022,20171207,1,0.056,Infinity,false,false,non-roost,non-roost,,
KMQT20171208-2,KMQT20171208_130521_V06,-16,0.061,525.24,353.690033,38.793507,-86.09,46.280245,19396.753311,20171208_080521,KMQT,20171208,130521,20171208,1,0.061,Infinity,false,false,non-roost,non-roost,,
KMQT20171208-6,KMQT20171208_140539_V06,44,0.601,295.08,123.567474,29.317581,-87.58,47.324635,14658.790588,20171208_090539,KMQT,20171208,140539,20171208,3,-0.30400000000000005,-Infinity,false,false,non-roost,non-roost,,
KMQT20171208-6,KMQT20171208_141522_V06,54,-1.000,295.08,123.567474,45.217581,-87.58,47.324635,22608.790588,20171208_091522,KMQT,20171208,141522,20171208,3,-0.30400000000000005,-Infinity,false,false,non-roost,non-roost,,
KMQT20171208-6,KMQT20171208_142506_V06,64,0.095,293.73,152.602295,30.470230,-87.59,47.194052,15235.115051,20171208_092506,KMQT,20171208,142506,20171208,3,-0.30400000000000005,-Infinity,false,false,non-roost,non-roost,,
KMQT20171208-9,KMQT20171208_141522_V06,54,0.075,148.16,362.307983,44.302254,-88.53,46.246593,22151.126862,20171208_091522,KMQT,20171208,141522,20171208,1,0.075,Infinity,false,false,non-roost,non-roost,,
KMQT20171209-6,KMQT20171209_140804_V06,46,0.109,221.69,345.651459,12.377300,-88.06,46.324635,6188.650131,20171209_090804,KMQT,20171209,140804,20171209,1,0.109,Infinity,false,false,non-roost,non-roost,,
KMQT20171210-4,KMQT20171210_143159_V06,68,0.321,543.62,458.852783,26.967293,-85.98,45.805719,13483.646393,20171210_093159,KMQT,20171210,143159,20171210,1,0.321,Infinity,false,false,non-roost,non-roost,,
KMQT20171211-1,KMQT20171211_130902_V06,-15,0.084,43.06,446.447876,46.029854,-89.20,45.860290,23014.926910,20171211_080902,KMQT,20171211,130902,20171211,1,0.084,Infinity,false,false,non-roost,non-roost,,
KMQT20171215-3,KMQT20171215_133552_V06,8,0.175,120.09,260.053894,40.508453,-88.72,46.704749,20254.226685,20171215_083552,KMQT,20171215,133552,20171215,4,0.509,Infinity,false,false,non-roost,non-roost,,
KMQT20171215-3,KMQT20171215_134535_V06,18,0.130,125.90,267.344640,51.435383,-88.69,46.672344,25717.691630,20171215_084535,KMQT,20171215,134535,20171215,4,0.509,Infinity,false,false,non-roost,non-roost,,
KMQT20171215-3,KMQT20171215_140502_V06,38,0.105,136.58,289.600274,57.639638,-88.61,46.572924,28819.819079,20171215_090502,KMQT,20171215,140502,20171215,4,0.509,Infinity,false,false,non-roost,non-roost,,
KMQT20171215-3,KMQT20171215_141445_V06,47,0.099,176.52,299.106506,58.673256,-88.35,46.532298,29336.627960,20171215_091445,KMQT,20171215,141445,20171215,4,0.509,Infinity,false,false,non-roost,non-roost,,
KMQT20171215-4,KMQT20171215_133552_V06,8,0.071,260.66,108.357635,11.997147,-87.81,47.392750,5998.573303,20171215_083552,KMQT,20171215,133552,20171215,1,0.071,Infinity,false,false,non-roost,non-roost,,
KMQT20171217-2,KMQT20171217_140402_V06,36,0.212,28.48,514.883606,32.348648,-89.29,45.551113,16174.324036,20171217_090402,KMQT,20171217,140402,20171217,1,0.212,Infinity,false,false,non-roost,non-roost,,
KMQT20171218-2,KMQT20171218_130815_V06,-21,0.059,53.33,410.650757,35.137901,-89.14,46.022223,17568.950653,20171218_080815,KMQT,20171218,130815,20171218,1,0.059,Infinity,false,false,non-roost,non-roost,,
KMQT20171218-3,KMQT20171218_134909_V06,20,0.191,175.88,511.060364,50.280693,-88.34,45.578894,25140.346527,20171218_084909,KMQT,20171218,134909,20171218,1,0.191,Infinity,false,false,non-roost,non-roost,,
KMQT20171218-5,KMQT20171218_142800_V06,59,0.121,35.86,458.481018,56.407486,-89.25,45.805490,28203.742981,20171218_092800,KMQT,20171218,142800,20171218,1,0.121,Infinity,false,false,non-roost,non-roost,,
KMQT20171221-18,KMQT20171221_141011_V06,39,0.060,40.46,412.916656,54.251415,-89.22,46.010838,27125.707626,20171221_091011,KMQT,20171221,141011,20171221,2,0.118,Infinity,false,false,non-roost,non-roost,,
KMQT20171221-18,KMQT20171221_141954_V06,48,0.058,41.42,407.999043,61.603505,-89.22,46.033044,30801.752612,20171221_091954,KMQT,20171221,141954,20171221,2,0.118,Infinity,false,false,non-roost,non-roost,,
KMQT20171221-4,KMQT20171221_131150_V06,-20,0.245,315.82,508.096619,64.360657,-87.45,45.594979,32180.328369,20171221_081150,KMQT,20171221,131150,20171221,1,0.245,Infinity,false,false,non-roost,non-roost,,
KMQT20171221-5,KMQT20171221_131150_V06,-20,0.076,42.17,421.750427,57.592686,-89.21,45.971274,28796.342850,20171221_081150,KMQT,20171221,131150,20171221,1,0.076,Infinity,false,false,non-roost,non-roost,,
KMQT20171221-14,KMQT20171221_140027_V06,29,0.189,519.39,505.172852,22.547314,-86.14,45.599434,11273.656845,20171221_090027,KMQT,20171221,140027,20171221,1,0.189,Infinity,false,false,non-roost,non-roost,,
KMQT20171221-17,KMQT20171221_141011_V06,39,0.126,546.58,508.479584,18.392044,-85.97,45.582260,9196.022034,20171221_091011,KMQT,20171221,141011,20171221,1,0.126,Infinity,false,false,non-roost,non-roost,,
KMQT20171223-12,KMQT20171223_143827_V06,66,0.268,247.16,446.195862,33.174286,-87.89,45.872979,16587.142944,20171223_093827,KMQT,20171223,143827,20171223,1,0.268,Infinity,false,false,non-roost,non-roost,,
KMQT20171225-2,KMQT20171225_141803_V06,45,0.105,178.67,244.816467,21.147614,-88.34,46.776568,10573.806763,20171225_091803,KMQT,20171225,141803,20171225,1,0.105,Infinity,false,false,non-roost,non-roost,,
KMQT20171225-4,KMQT20171225_141803_V06,45,0.078,123.62,199.066010,32.434402,-88.71,46.979250,16217.201233,20171225_091803,KMQT,20171225,141803,20171225,1,0.078,Infinity,false,false,non-roost,non-roost,,
KMQT20171228-1,KMQT20171228_131344_V06,-20,0.164,31.54,471.133270,42.233437,-89.27,45.748170,21116.718292,20171228_081344,KMQT,20171228,131344,20171228,5,-0.30200000000000005,-Infinity,false,false,non-roost,non-roost,,
KMQT20171228-1,KMQT20171228_132328_V06,-10,0.216,30.62,463.013275,48.416822,-89.28,45.784597,24208.411029,20171228_082328,KMQT,20171228,132328,20171228,5,-0.30200000000000005,-Infinity,false,false,non-roost,non-roost,,
KMQT20171228-1,KMQT20171228_133312_V06,0,0.084,35.98,451.698942,49.014129,-89.25,45.836000,24507.064265,20171228_083312,KMQT,20171228,133312,20171228,5,-0.30200000000000005,-Infinity,false,false,non-roost,non-roost,,
KMQT20171228-1,KMQT20171228_134256_V06,9,-1.000,40.03,441.965514,50.306500,-89.22,45.880161,25153.250191,20171228_084256,KMQT,20171228,134256,20171228,5,-0.30200000000000005,-Infinity,false,false,non-roost,non-roost,,
KMQT20171228-1,KMQT20171228_140223_V06,29,0.234,38.03,393.987351,66.779815,-89.24,46.095731,33389.907533,20171228_090223,KMQT,20171228,140223,20171228,5,-0.30200000000000005,-Infinity,false,false,non-roost,non-roost,,
KMQT20171229-2,KMQT20171229_130656_V06,-27,0.063,49.09,241.413330,55.577557,-89.19,46.782864,27788.778305,20171229_080656,KMQT,20171229,130656,20171229,1,0.063,Infinity,false,false,non-roost,non-roost,,
KMQT20171229-4,KMQT20171229_134550_V06,12,0.053,34.78,219.735504,34.559776,-89.29,46.878954,17279.888153,20171229_084550,KMQT,20171229,134550,20171229,1,0.053,Infinity,false,false,non-roost,non-roost,,
KMQT20171230-4,KMQT20171230_143900_V06,65,0.055,357.01,277.494873,27.585709,-87.18,46.631731,13792.854309,20171230_093900,KMQT,20171230,143900,20171230,1,0.055,Infinity,false,false,non-roost,non-roost,,
KMQT20171231-1,KMQT20171231_130628_V06,-28,0.055,38.51,248.310822,39.841957,-89.26,46.750837,19920.978546,20171231_080628,KMQT,20171231,130628,20171231,1,0.055,Infinity,false,false,non-roost,non-roost,,